id,first_name,last_name,company_name,address,city,county,state
1,James,Butt,Benton John B Jr,6649 N Blue Gum St,New Orleans,Orleans,LA
2,Josephine,Darakjy,Chanay Jeffrey A Esq,4 B Blue Ridge Blvd,Brighton,Livingston,MI
3,Art,Venere,Chemel James L Cpa,8 W Cerritos Ave #54,Bridgeport,Gloucester,NJ
4,Lenna,Paprocki,Feltz Printing Service,639 Main St,Anchorage,Anchorage,AK
5,Donette,Foller,Printing Dimensions,34 Center St,Hamilton,Butler,OH
6,Simona,Morasca,Chapman Ross E Esq,3 Mcauley Dr,Ashland,Ashland,OH
7,Mitsue,Tollner,Morlong Associates,7 Eads St,Chicago,Cook,IL
8,Leota,Dilliard,Commercial Press,7 W Jackson Blvd,San Jose,Santa Clara,CA
9,Sage,Wieser,Truhlar And Truhlar Attys,5 Boston Ave #88,Sioux Falls,Minnehaha,SD
10,Kris,Marrier,King Christopher A Esq,228 Runamuck Pl #2808,Baltimore,Baltimore City,MD
11,Minna,Amigon,Dorl James J Esq,2371 Jerrold Ave,Kulpsville,Montgomery,PA
12,Abel,Maclead,Rangoni Of Florence,37275 St  Rt 17m M,Middle Island,Suffolk,NY
13,Kiley,Caldarera,Feiner Bros,25 E 75th St #69,Los Angeles,Los Angeles,CA
14,Graciela,Ruta,Buckley Miller & Wright,98 Connecticut Ave Nw,Chagrin Falls,Geauga,OH
15,Cammy,Albares,Rousseaux Michael Esq,56 E Morehead St,Laredo,Webb,TX
16,Mattie,Poqu,ette,Century Communications,73 State Road 434 E,Phoenix,Maricopa
17,Meaghan,Garufi,Bolton Wilbur Esq,69734 E Carrillo St,Mc Minnville,Warren,TN
18,Gladys,Rim,T M Byxbee Company Pc,322 New Horizon Blvd,Milwaukee,Milwaukee,WI
19,Yuki,Whobrey,Farmers Insurance Group,1 State Route 27,Taylor,Wayne,MI
20,Fletcher,Flosi,Post Box Services Plus,394 Manchester Blvd,Rockford,Winnebago,IL
21,Bette,Nicka,Sport En Art,6 S 33rd St,Aston,Delaware,PA
22,Veronika,Inouye,C 4 Network Inc,6 Greenleaf Ave,San Jose,Santa Clara,CA
23,Willard,Kolmetz,Ingalls Donald R Esq,618 W Yakima Ave,Irving,Dallas,TX
24,Maryann,Royster,Franklin Peter L Esq,74 S Westgate St,Albany,Albany,NY
25,Alisha,Slusarski,Wtlz Power 107 Fm,3273 State St,Middlesex,Middlesex,NJ
26,Allene,Iturbide,Ledecky David Esq,1 Central Ave,Stevens Point,Portage,WI
27,Chanel,Caudy,Professional Image Inc,86 Nw 66th St #8673,Shawnee,Johnson,KS
28,Ezekiel,Chui,Sider Donald C Esq,2 Cedar Ave #84,Easton,Talbot,MD
29,Willow,Kusko,U Pull It,90991 Thorburn Ave,New York,New York,NY
30,Bernardo,Figeroa,Clark Richard Cpa,386 9th Ave N,Conroe,Montgomery,TX
31,Ammie,Corrio,Moskowitz Barry S,74874 Atlantic Ave,Columbus,Franklin,OH
32,Francine,Vocelka,Cascade Realty Advisors Inc,366 South Dr,Las Cruces,Dona Ana,NM
33,Ernie,Stenseth,Knwz Newsradio,45 E Liberty St,Ridgefield Park,Bergen,NJ
34,Albina,Glick,Giampetro Anthony D,4 Ralph Ct,Dunellen,Middlesex,NJ
35,Alishia,Sergi,Milford Enterprises Inc,2742 Distribution Way,New York,New York,NY
36,Solange,Shinko,Mosocco Ronald A,426 Wolf St,Metairie,Jefferson,LA
37,Jose,Stockham,Tri State Refueler Co,128 Bransten Rd,New York,New York,NY
38,Rozella,Ostrosky,Parkway Company,17 Morena Blvd,Camarillo,Ventura,CA
39,Valentine,Gillian,Fbs Business Finance,775 W 17th St,San Antonio,Bexar,TX
40,Kati,Rulapaugh,Eder Assocs Consltng Engrs Pc,6980 Dorsett Rd,Abilene,Dickinson,KS
41,Youlanda,Schemmer,Tri M Tool Inc,2881 Lewis Rd,Prineville,Crook,OR
42,Dyan,Oldroyd,International Eyelets Inc,7219 Woodfield Rd,Overland Park,Johnson,KS
43,Roxane,Campain,Rapid Trading Intl,1048 Main St,Fairbanks,Fairbanks North Star,AK
44,Lavera,Perin,Abc Enterprises Inc,678 3rd Ave,Miami,Miami-Dade,FL
45,Erick,Ferencz,Cindy Turner Associates,20 S Babcock St,Fairbanks,Fairbanks North Star,AK
46,Fatima,Saylors,Stanton James D Esq,2 Lighthouse Ave,Hopkins,Hennepin,MN
47,Jina,Briddick,Grace Pastries Inc,38938 Park Blvd,Boston,Suffolk,MA
48,Kanisha,Waycott,Schroer Gene E Esq,5 Tomahawk Dr,Los Angeles,Los Angeles,CA
49,Emerson,Bowley,Knights Inn,762 S Main St,Madison,Dane,WI
50,Blair,Malet,Bollinger Mach Shp & Shipyard,209 Decker Dr,Philadelphia,Philadelphia,PA
51,Brock,Bolognia,Orinda News,4486 W O St #1,New York,New York,NY
52,Lorrie,Nestle,Ballard Spahr Andrews,39 S 7th St,Tullahoma,Coffee,TN
53,Sabra,Uyetake,Lowy Limousine Service,98839 Hawthorne Blvd #6101,Columbia,Richland,SC
54,Marjory,Mastella,Vicon Corporation,71 San Mateo Ave,Wayne,Delaware,PA
55,Karl,Klonowski,Rossi Michael M,76 Brooks St #9,Flemington,Hunterdon,NJ
56,Tonette,Wenner,Northwest Publishing,4545 Courthouse Rd,Westbury,Nassau,NY
57,Amber,Monarrez,Branford Wire & Mfg Co,14288 Foster Ave #4121,Jenkintown,Montgomery,PA
58,Shenika,Seewald,East Coast Marketing,4 Otis St,Van Nuys,Los Angeles,CA
59,Delmy,Ahle,Wye Technologies Inc,65895 S 16th St,Providence,Providence,RI
60,Deeanna,Juhas,Healy George W Iv,14302 Pennsylvania Ave,Huntingdon Valley,Montgomery,PA
61,Blondell,Pugh,Alpenlite Inc,201 Hawk Ct,Providence,Providence,RI
62,Jamal,Vanausdal,Hubbard Bruce Esq,53075 Sw 152nd Ter #615,Monroe Township,Middlesex,NJ
63,Cecily,Hollack,Arthur A Oliver & Son Inc,59 N Groesbeck Hwy,Austin,Travis,TX
64,Carmelina,Lindall,George Jessop Carter Jewelers,2664 Lewis Rd,Littleton,Douglas,CO
65,Maurine,Yglesias,Schultz Thomas C Md,59 Shady Ln #53,Milwaukee,Milwaukee,WI
66,Tawna,Buvens,H H H Enterprises Inc,3305 Nabell Ave #679,New York,New York,NY
67,Penney,Weight,Hawaiian King Hotel,18 Fountain St,Anchorage,Anchorage,AK
68,Elly,Morocco,Killion Industries,7 W 32nd St,Erie,Erie,PA
69,Ilene,Eroman,Robinson William J Esq,2853 S Central Expy,Glen Burnie,Anne Arundel,MD
70,Vallie,Mondella,Private Properties,74 W College St,Boise,Ada,ID
71,Kallie,Blackwood,Rowley Schlimgen Inc,701 S Harrison Rd,San Francisco,San Francisco,CA
72,Johnetta,Abdallah,Forging Specialties,1088 Pinehurst St,Chapel Hill,Orange,NC
73,Bobbye,Rhym,Smits Patricia Garity,30 W 80th St #1995,San Carlos,San Mateo,CA
74,Micaela,Rhymes,H Lee Leonard Attorney At Law,20932 Hedley St,Concord,Contra Costa,CA
75,Tamar,Hoogland,A K Construction Co,2737 Pistorio Rd #9230,London,Madison,OH
76,Moon,Parlato,Ambelang Jessica M Md,74989 Brandon St,Wellsville,Allegany,NY
77,Laurel,Reitler,Q A Service,6 Kains Ave,Baltimore,Baltimore City,MD
78,Delisa,Crupi,Wood & Whitacre Contractors,47565 W Grand Ave,Newark,Essex,NJ
79,Viva,Toelkes,Mark Iv Press Ltd,4284 Dorigo Ln,Chicago,Cook,IL
80,Elza,Lipke,Museum Of Science & Industry,6794 Lake Dr E,Newark,Essex,NJ
81,Devorah,Chickering,Garrison Ind,31 Douglas Blvd #950,Clovis,Curry,NM
82,Timothy,Mulqueen,Saronix Nymph Products,44 W 4th St,Staten Island,Richmond,NY
83,Arlette,Honeywell,Smc Inc,11279 Loytan St,Jacksonville,Duval,FL
84,Dominque,Dickerson,E A I Electronic Assocs Inc,69 Marquette Ave,Hayward,Alameda,CA
85,Lettie,Isenhower,Conte Christopher A Esq,70 W Main St,Beachwood,Cuyahoga,OH
86,Myra,Munns,Anker Law Office,461 Prospect Pl #316,Euless,Tarrant,TX
87,Stephaine,Barfield,Beutelschies & Company,47154 Whipple Ave Nw,Gardena,Los Angeles,CA
88,Lai,Gato,Fligg Kenneth I Jr,37 Alabama Ave,Evanston,Cook,IL
89,Stephen,Emigh,Sharp J Daniel Esq,3777 E Richmond St #900,Akron,Summit,OH
90,Tyra,Shields,Assink Anne H Esq,3 Fort Worth Ave,Philadelphia,Philadelphia,PA
91,Tammara,Wardrip,Jewel My Shop Inc,4800 Black Horse Pike,Burlingame,San Mateo,CA
92,Cory,Gibes,Chinese Translation Resources,83649 W Belmont Ave,San Gabriel,Los Angeles,CA
93,Danica,Bruschke,Stevens Charles T,840 15th Ave,Waco,McLennan,TX
94,Wilda,Giguere,Mclaughlin Luther W Cpa,1747 Calle Amanecer #2,Anchorage,Anchorage,AK
95,Elvera,Benimadho,Tree Musketeers,99385 Charity St #840,San Jose,Santa Clara,CA
96,Carma,Vanheusen,Springfield Div Oh Edison Co,68556 Central Hwy,San Leandro,Alameda,CA
97,Malinda,Hochard,Logan Memorial Hospital,55 Riverside Ave,Indianapolis,Marion,IN
98,Natalie,Fern,Kelly Charles G Esq,7140 University Ave,Rock Springs,Sweetwater,WY
99,Lisha,Centini,Industrial Paper Shredders Inc,64 5th Ave #1153,Mc Lean,Fairfax,VA
100,Arlene,Klusman,Beck Horizon Builders,3 Secor Rd,New Orleans,Orleans,LA
101,Alease,Buemi,Porto Cayo At Hawks Cay,4 Webbs Chapel Rd,Boulder,Boulder,CO
102,Louisa,Cronauer,Pacific Grove Museum Ntrl Hist,524 Louisiana Ave Nw,San Leandro,Alameda,CA
103,Angella,Cetta,Bender & Hatley Pc,185 Blackstone Bldge,Honolulu,Honolulu,HI
104,Cyndy,Goldammer,Di Cristina J & Son,170 Wyoming Ave,Burnsville,Dakota,MN
105,Rosio,Cork,Green Goddess,4 10th St W,High Point,Guilford,NC
106,Celeste,Korando,American Arts & Graphics,7 W Pinhook Rd,Lynbrook,Nassau,NY
107,Twana,Felger,Opryland Hotel,1 Commerce Way,Portland,Washington,OR
108,Estrella,Samu,Marking Devices Pubg Co,64 Lakeview Ave,Beloit,Rock,WI
109,Donte,Kines,W Tc Industries Inc,3 Aspen St,Worcester,Worcester,MA
110,Tiffiny,Steffensmeier,Whitehall Robbins Labs Divsn,32860 Sierra Rd,Miami,Miami-Dade,FL
111,Edna,Miceli,Sampler,555 Main St,Erie,Erie,PA
112,Sue,Kownacki,Juno Chefs Incorporated,2 Se 3rd Ave,Mesquite,Dallas,TX
113,Jesusa,Shin,Carroccio A Thomas Esq,2239 Shawnee Mission Pky,Tullahoma,Coffee,TN
114,Rolland,Francescon,Stanley Richard L Esq,2726 Charcot Ave,Paterson,Passaic,NJ
115,Pamella,Schmierer,K Cs Cstm Mouldings Windows,5161 Dorsett Rd,Homestead,Miami-Dade,FL
116,Glory,Kulzer,Comfort Inn,55892 Jacksonville Rd,Owings Mills,Baltimore,MD
117,Shawna,Palaspas,Windsor James L Esq,5 N Cleveland Massillon Rd,Thousand Oaks,Ventura,CA
118,Brandon,Callaro,Jackson Shields Yeiser,7 Benton Dr,Honolulu,Honolulu,HI
119,Scarlet,Cartan,Box J Calvin Esq,9390 S Howell Ave,Albany,Dougherty,GA
120,Oretha,Menter,Custom Engineering Inc,8 County Center Dr #647,Boston,Suffolk,MA
121,Ty,Smith,Bresler Eitel Framg Gllry Ltd,4646 Kaahumanu St,Hackensack,Bergen,NJ
122,Xuan,Rochin,Carol Drake Sparks Esq,2 Monroe St,San Mateo,San Mateo,CA
123,Lindsey,Dilello,Biltmore Investors Bank,52777 Leaders Heights Rd,Ontario,San Bernardino,CA
124,Devora,Perez,Desco Equipment Corp,72868 Blackington Ave,Oakland,Alameda,CA
125,Herman,Demesa,Merlin Electric Co,9 Norristown Rd,Troy,Rensselaer,NY
126,Rory,Papasergi,Bailey Cntl Co Div Babcock,83 County Road 437 #8581,Clarks Summit,Lackawanna,PA
127,Talia,Riopelle,Ford Brothers Wholesale Inc,1 N Harlem Ave #9,Orange,Essex,NJ
128,Van,Shire,Cambridge Inn,90131 J St,Pittstown,Hunterdon,NJ
129,Lucina,Lary,Matricciani Albert J Jr,8597 W National Ave,Cocoa,Brevard,FL
130,Bok,Isaacs,Nelson Hawaiian Ltd,6 Gilson St,Bronx,Bronx,NY
131,Rolande,Spickerman,Neland Travel Agency,65 W Maple Ave,Pearl City,Honolulu,HI
132,Howard,Paulas,Asendorf J Alan Esq,866 34th Ave,Denver,Denver,CO
133,Kimbery,Madarang,Silberman Arthur L Esq,798 Lund Farm Way,Rockaway,Morris,NJ
134,Thurman,Manno,Honey Bee Breeding Genetics &,9387 Charcot Ave,Absecon,Atlantic,NJ
135,Becky,Mirafuentes,Wells Kravitz Schnitzer,30553 Washington Rd,Plainfield,Union,NJ
136,Beatriz,Corrington,Prohab Rehabilitation Servs,481 W Lemon St,Middleboro,Plymouth,MA
137,Marti,Maybury,Eldridge Kristin K Esq,4 Warehouse Point Rd #7,Chicago,Cook,IL
138,Nieves,Gotter,Vlahos John J Esq,4940 Pulaski Park Dr,Portland,Multnomah,OR
139,Leatha,Hagele,Ninas Indian Grs & Videos,627 Walford Ave,Dallas,Dallas,TX
140,Valentin,Klimek,Schmid Gayanne K Esq,137 Pioneer Way,Chicago,Cook,IL
141,Melissa,Wiklund,Moapa Valley Federal Credit Un,61 13 Stoneridge #835,Findlay,Hancock,OH
142,Sheridan,Zane,Kentucky Tennessee Clay Co,2409 Alabama Rd,Riverside,Riverside,CA
143,Bulah,Padilla,Admiral Party Rentals & Sales,8927 Vandever Ave,Waco,McLennan,TX
144,Audra,Kohnert,Nelson Karolyn King Esq,134 Lewis Rd,Nashville,Davidson,TN
145,Daren,Weirather,Panasystems,9 N College Ave #3,Milwaukee,Milwaukee,WI
146,Fernanda,Jillson,Shank Edward L Esq,60480 Old Us Highway 51,Preston,Caroline,MD
147,Gearldine,Gellinger,Megibow & Edwards,4 Bloomfield Ave,Irving,Dallas,TX
148,Chau,Kitzman,Benoff Edward Esq,429 Tiger Ln,Beverly Hills,Los Angeles,CA
149,Theola,Frey,Woodbridge Free Public Library,54169 N Main St,Massapequa,Nassau,NY
150,Cheryl,Haroldson,New York Life John Thune,92 Main St,Atlantic City,Atlantic,NJ
151,Laticia,Merced,Alinabal Inc,72 Mannix Dr,Cincinnati,Hamilton,OH
152,Carissa,Batman,Poletto Kim David Esq,12270 Caton Center Dr,Eugene,Lane,OR
153,Lezlie,Craghead,Chang Carolyn Esq,749 W 18th St #45,Smithfield,Johnston,NC
154,Ozell,Shealy,Silver Bros Inc,8 Industry Ln,New York,New York,NY
155,Arminda,Parvis,Newtec Inc,1 Huntwood Ave,Phoenix,Maricopa,AZ
156,Reita,Leto,Creative Business Systems,55262 N French Rd,Indianapolis,Marion,IN
157,Yolando,Luczki,Dal Tile Corporation,422 E 21st St,Syracuse,Onondaga,NY
158,Lizette,Stem,Edward S Katz,501 N 19th Ave,Cherry Hill,Camden,NJ
159,Gregoria,Pawlowicz,Oh My Goodknits Inc,455 N Main Ave,Garden City,Nassau,NY
160,Carin,Deleo,Redeker Debbie,1844 Southern Blvd,Little Rock,Pulaski,AR
161,Chantell,Maynerich,Desert Sands Motel,2023 Greg St,Saint Paul,Ramsey,MN
162,Dierdre,Yum,Cummins Southern Plains Inc,63381 Jenks Ave,Philadelphia,Philadelphia,PA
163,Larae,Gudroe,Lehigh Furn Divsn Lehigh,6651 Municipal Rd,Houma,Terrebonne,LA
164,Latrice,Tolfree,United Van Lines Agent,81 Norris Ave #525,Ronkonkoma,Suffolk,NY
165,Kerry,Theodorov,Capitol Reporters,6916 W Main St,Sacramento,Sacramento,CA
166,Dorthy,Hidvegi,Kwik Kopy Printing,9635 S Main St,Boise,Ada,ID
167,Fannie,Lungren,Centro Inc,17 Us Highway 111,Round Rock,Williamson,TX
168,Evangelina,Radde,Campbell Jan Esq,992 Civic Center Dr,Philadelphia,Philadelphia,PA
169,Novella,Degroot,Evans C Kelly Esq,303 N Radcliffe St,Hilo,Hawaii,HI
170,Clay,Hoa,Scat Enterprises,73 Saint Ann St #86,Reno,Washoe,NV
171,Jennifer,Fallick,Nagle Daniel J Esq,44 58th St,Wheeling,Cook,IL
172,Irma,Wolfgramm,Serendiquity Bed & Breakfast,9745 W Main St,Randolph,Morris,NJ
173,Eun,Coody,Ray Carolyne Realty,84 Bloomfield Ave,Spartanburg,Spartanburg,SC
174,Sylvia,Cousey,Berg Charles E,287 Youngstown Warren Rd,Hampstead,Carroll,MD
175,Nana,Wrinkles,Ray Milbern D,6 Van Buren St,Mount Vernon,Westchester,NY
176,Layla,Springe,Chadds Ford Winery,229 N Forty Driv,New York,New York,NY
177,Joesph,Degonia,A R Packaging,2887 Knowlton St #5435,Berkeley,Alameda,CA
178,Annabelle,Boord,Corn Popper,523 Marquette Ave,Concord,Middlesex,MA
179,Stephaine,Vinning,Birite Foodservice Distr,3717 Hamann Industrial Pky,San Francisco,San Francisco,CA
180,Nelida,Sawchuk,Anchorage Museum Of Hist & Art,3 State Route 35 S,Paramus,Bergen,NJ
181,Marguerita,Hiatt,Haber George D Md,82 N Highway 67,Oakley,Contra Costa,CA
182,Carmela,Cookey,Royal Pontiac Olds Inc,9 Murfreesboro Rd,Chicago,Cook,IL
183,Junita,Brideau,Leonards Antiques Inc,6 S Broadway St,Cedar Grove,Essex,NJ
184,Claribel,Varriano,Meca,6 Harry L Dr #6327,Perrysburg,Wood,OH
185,Benton,Skursky,Nercon Engineering & Mfg Inc,47939 Porter Ave,Gardena,Los Angeles,CA
186,Hillary,Skulski,Replica I,9 Wales Rd Ne #914,Homosassa,Citrus,FL
187,Merilyn,Bayless,20 20 Printing Inc,195 13n N,Santa Clara,Santa Clara,CA
188,Teri,Ennaco,Publishers Group West,99 Tank Farm Rd,Hazleton,Luzerne,PA
189,Merlyn,Lawler,Nischwitz Jeffrey L Esq,4671 Alemany Blvd,Jersey City,Hudson,NJ
190,Georgene,Montezuma,Payne Blades & Wellborn Pa,98 University Dr,San Ramon,Contra Costa,CA
191,Jettie,Mconnell,Coldwell Bnkr Wright Real Est,50 E Wacker Dr,Bridgewater,Somerset,NJ
192,Lemuel,Latzke,Computer Repair Service,70 Euclid Ave #722,Bohemia,Suffolk,NY
193,Melodie,Knipp,Fleetwood Building Block Inc,326 E Main St #6496,Thousand Oaks,Ventura,CA
194,Candida,Corbley,Colts Neck Medical Assocs Inc,406 Main St,Somerville,Somerset,NJ
195,Karan,Karpin,New England Taxidermy,3 Elmwood Dr,Beaverton,Washington,OR
196,Andra,Scheyer,Ludcke George O Esq,9 Church St,Salem,Marion,OR
197,Felicidad,Poullion,Mccorkle Tom S Esq,9939 N 14th St,Riverton,Burlington,NJ
198,Belen,Strassner,Eagle Software Inc,5384 Southwyck Blvd,Douglasville,Douglas,GA
199,Gracia,Melnyk,Juvenile & Adult Super,97 Airport Loop Dr,Jacksonville,Duval,FL
200,Jolanda,Hanafan,Perez Joseph J Esq,37855 Nolan Rd,Bangor,Penobscot,ME
201,Barrett,Toyama,Case Foundation Co,4252 N Washington Ave #9,Kennedale,Tarrant,TX
202,Helga,Fredicks,Eis Environmental Engrs Inc,42754 S Ash Ave,Buffalo,Erie,NY
203,Ashlyn,Pinilla,Art Crafters,703 Beville Rd,Opa Locka,Miami-Dade,FL
204,Fausto,Agramonte,Marriott Hotels Resorts Suites,5 Harrison Rd,New York,New York,NY
205,Ronny,Caiafa,Remaco Inc,73 Southern Blvd,Philadelphia,Philadelphia,PA
206,Marge,Limmel,Bjork Robert D Jr,189 Village Park Rd,Crestview,Okaloosa,FL
207,Norah,Waymire,Carmichael Jeffery L Esq,6 Middlegate Rd #106,San Francisco,San Francisco,CA
208,Aliza,Baltimore,Andrews J Robert Esq,1128 Delaware St,San Jose,Santa Clara,CA
209,Mozell,Pelkowski,Winship & Byrne,577 Parade St,South San Francisco,San Mateo,CA
210,Viola,Bitsuie,Burton & Davis,70 Mechanic St,Northridge,Los Angeles,CA
211,Franklyn,Emard,Olympic Graphic Arts,4379 Highway 116,Philadelphia,Philadelphia,PA
212,Willodean,Konopacki,Magnuson,55 Hawthorne Blvd,Lafayette,Lafayette,LA
213,Beckie,Silvestrini,A All American Travel Inc,7116 Western Ave,Dearborn,Wayne,MI
214,Rebecka,Gesick,Polykote Inc,2026 N Plankinton Ave #3,Austin,Travis,TX
215,Frederica,Blunk,Jets Cybernetics,99586 Main St,Dallas,Dallas,TX
216,Glen,Bartolet,Metlab Testing Services,8739 Hudson St,Vashon,King,WA
217,Freeman,Gochal,Kellermann William T Esq,383 Gunderman Rd #197,Coatesville,Chester,PA
218,Vincent,Meinerding,Arturi Peter D Esq,4441 Point Term Mkt,Philadelphia,Philadelphia,PA
219,Rima,Bevelacqua,Mcauley Mfg Co,2972 Lafayette Ave,Gardena,Los Angeles,CA
220,Glendora,Sarbacher,Defur Voran Hanley Radcliff,2140 Diamond Blvd,Rohnert Park,Sonoma,CA
221,Avery,Steier,Dill Dill Carr & Stonbraker Pc,93 Redmond Rd #492,Orlando,Orange,FL
222,Cristy,Lother,Kleensteel,3989 Portage Tr,Escondido,San Diego,CA
223,Nicolette,Brossart,Goulds Pumps Inc Slurry Pump,1 Midway Rd,Westborough,Worcester,MA
224,Tracey,Modzelewski,Kansas City Insurance Report,77132 Coon Rapids Blvd Nw,Conroe,Montgomery,TX
225,Virgina,Tegarden,Berhanu International Foods,755 Harbor Way,Milwaukee,Milwaukee,WI
226,Tiera,Frankel,Roland Ashcroft,87 Sierra Rd,El Monte,Los Angeles,CA
227,Alaine,Bergesen,Hispanic Magazine,7667 S Hulen St #42,Yonkers,Westchester,NY
228,Earleen,Mai,Little Sheet Metal Co,75684 S Withlapopka Dr #32,Dallas,Dallas,TX
229,Leonida,Gobern,Holmes Armstead J Esq,5 Elmwood Park Blvd,Biloxi,Harrison,MS
230,Ressie,Auffrey,Faw James C Cpa,23 Palo Alto Sq,Miami,Miami-Dade,FL
231,Justine,Mugnolo,Evans Rule Company,38062 E Main St,New York,New York,NY
232,Eladia,Saulter,Tyee Productions Inc,3958 S Dupont Hwy #7,Ramsey,Bergen,NJ
233,Chaya,Malvin,Dunnells & Duvall,560 Civic Center Dr,Ann Arbor,Washtenaw,MI
234,Gwenn,Suffield,Deltam Systems Inc,3270 Dequindre Rd,Deer Park,Suffolk,NY
235,Salena,Karpel,Hammill Mfg Co,1 Garfield Ave #7,Canton,Stark,OH
236,Yoko,Fishburne,Sams Corner Store,9122 Carpenter Ave,New Haven,New Haven,CT
237,Taryn,Moyd,Siskin Mark J Esq,48 Lenox St,Fairfax,Fairfax City,VA
238,Katina,Polidori,Cape & Associates Real Estate,5 Little River Tpke,Wilmington,Middlesex,MA
239,Rickie,Plumer,Merrill Lynch,3 N Groesbeck Hwy,Toledo,Lucas,OH
240,Alex,Loader,Sublett Scott Esq,37 N Elm St #916,Tacoma,Pierce,WA
241,Lashon,Vizarro,Sentry Signs,433 Westminster Blvd #590,Roseville,Placer,CA
242,Lauran,Burnard,Professionals Unlimited,66697 Park Pl #3224,Riverton,Fremont,WY
243,Ceola,Setter,Southern Steel Shelving Co,96263 Greenwood Pl,Warren,Knox,ME
244,My,Rantanen,Bosco Paul J,8 Mcarthur Ln,Richboro,Bucks,PA
245,Lorrine,Worlds,Longo Nicholas J Esq,8 Fair Lawn Ave,Tampa,Hillsborough,FL
246,Peggie,Sturiale,Henry County Middle School,9 N 14th St,El Cajon,San Diego,CA
247,Marvel,Raymo,Edison Supply & Equipment Co,9 Vanowen St,College Station,Brazos,TX
248,Daron,Dinos,Wolf Warren R Esq,18 Waterloo Geneva Rd,Highland Park,Lake,IL
249,An,Fritz,Linguistic Systems Inc,506 S Hacienda Dr,Atlantic City,Atlantic,NJ
250,Portia,Stimmel,Peace Christian Center,3732 Sherman Ave,Bridgewater,Somerset,NJ
251,Rhea,Aredondo,Double B Foods Inc,25657 Live Oak St,Brooklyn,Kings,NY
252,Benedict,Sama,Alexander & Alexander Inc,4923 Carey Ave,Saint Louis,Saint Louis City,MO
253,Alyce,Arias,Fairbanks Scales,3196 S Rider Trl,Stockton,San Joaquin,CA
254,Heike,Berganza,Cali Sportswear Cutting Dept,3 Railway Ave #75,Little Falls,Passaic,NJ
255,Carey,Dopico,Garofani John Esq,87393 E Highland Rd,Indianapolis,Marion,IN
256,Dottie,Hellickson,Thompson Fabricating Co,67 E Chestnut Hill Rd,Seattle,King,WA
257,Deandrea,Hughey,Century 21 Krall Real Estate,33 Lewis Rd #46,Burlington,Alamance,NC
258,Kimberlie,Duenas,Mid Contntl Rlty & Prop Mgmt,8100 Jacksonville Rd #7,Hays,Ellis,KS
259,Martina,Staback,Ace Signs Inc,7 W Wabansia Ave #227,Orlando,Orange,FL
260,Skye,Fillingim,Rodeway Inn,25 Minters Chapel Rd #9,Minneapolis,Hennepin,MN
261,Jade,Farrar,Bonnet & Daughter,6882 Torresdale Ave,Columbia,Richland,SC
262,Charlene,Hamilton,Oshins & Gibbons,985 E 6th Ave,Santa Rosa,Sonoma,CA
263,Geoffrey,Acey,Price Business Services,7 West Ave #1,Palatine,Cook,IL
264,Stevie,Westerbeck,Wise Dennis W Md,26659 N 13th St,Costa Mesa,Orange,CA
265,Pamella,Fortino,Super 8 Motel,669 Packerland Dr #1438,Denver,Denver,CO
266,Harrison,Haufler,John Wagner Associates,759 Eldora St,New Haven,New Haven,CT
267,Johnna,Engelberg,Thrifty Oil Co,5 S Colorado Blvd #449,Bothell,Snohomish,WA
268,Buddy,Cloney,Larkfield Photo,944 Gaither Dr,Strongsville,Cuyahoga,OH
269,Dalene,Riden,Silverman Planetarium,66552 Malone Rd,Plaistow,Rockingham,NH
270,Jerry,Zurcher,J & F Lumber,77 Massillon Rd #822,Satellite Beach,Brevard,FL
271,Haydee,Denooyer,Cleaning Station Inc,25346 New Rd,New York,New York,NY
272,Joseph,Cryer,Ames Stationers,60 Fillmore Ave,Huntington Beach,Orange,CA
273,Deonna,Kippley,Midas Muffler Shops,57 Haven Ave #90,Southfield,Oakland,MI
274,Raymon,Calvaresi,Seaboard Securities Inc,6538 E Pomona St #60,Indianapolis,Marion,IN
275,Alecia,Bubash,Petersen James E Esq,6535 Joyce St,Wichita Falls,Wichita,TX
276,Ma,Layous,Development Authority,78112 Morris Ave,North Haven,New Haven,CT
277,Detra,Coyier,Schott Fiber Optics Inc,96950 Hidden Ln,Aberdeen,Harford,MD
278,Terrilyn,Rodeigues,Stuart J Agins,3718 S Main St,New Orleans,Orleans,LA
279,Salome,Lacovara,Mitsumi Electronics Corp,9677 Commerce Dr,Richmond,Richmond City,VA
280,Garry,Keetch,Italian Express Franchise Corp,5 Green Pond Rd #4,Southampton,Bucks,PA
281,Matthew,Neither,American Council On Sci & Hlth,636 Commerce Dr #42,Shakopee,Scott,MN
282,Theodora,Restrepo,Kleri Patricia S Esq,42744 Hamann Industrial Pky #82,Miami,Miami-Dade,FL
283,Noah,Kalafatis,Twiggs Abrams Blanchard,1950 5th Ave,Milwaukee,Milwaukee,WI
284,Carmen,Sweigard,Maui Research & Technology Pk,61304 N French Rd,Somerset,Somerset,NJ
285,Lavonda,Hengel,Bradley Nameplate Corp,87 Imperial Ct #79,Fargo,Cass,ND
286,Junita,Stoltzman,Geonex Martel Inc,94 W Dodge Rd,Carson City,Carson City,NV
287,Herminia,Nicolozakes,Sea Island Div Of Fstr Ind Inc,4 58th St #3519,Scottsdale,Maricopa,AZ
288,Casie,Good,"Papay, Debbie J Esq",5221 Bear Valley Rd,Nashville,Davidson,TN
289,Reena,Maisto,Lane Promotions,9648 S Main,Salisbury,Wicomico,MD
290,Mirta,Mallett,Stephen Kennerly Archts Inc Pc,7 S San Marcos Rd,New York,New York,NY
291,Cathrine,Pontoriero,Business Systems Of Wis Inc,812 S Haven St,Amarillo,Randall,TX
292,Filiberto,Tawil,Flash Elena Salerno Esq,3882 W Congress St #799,Los Angeles,Los Angeles,CA
293,Raul,Upthegrove,Neeley Gregory W Esq,4 E Colonial Dr,La Mesa,San Diego,CA
294,Sarah,Candlish,Alabama Educational Tv Comm,45 2nd Ave #9759,Atlanta,Fulton,GA
295,Lucy,Treston,Franz Inc,57254 Brickell Ave #372,Worcester,Worcester,MA
296,Judy,Aquas,Plantation Restaurant,8977 Connecticut Ave Nw #3,Niles,Berrien,MI
297,Yvonne,Tjepkema,Radio Communications Co,9 Waydell St,Fairfield,Essex,NJ
298,Kayleigh,Lace,Dentalaw Divsn Hlth Care,43 Huey P Long Ave,Lafayette,Lafayette,LA
299,Felix,Hirpara,American Speedy Printing Ctrs,7563 Cornwall Rd #4462,Denver,Lancaster,PA
300,Tresa,Sweely,Grayson Grant S Esq,22 Bridle Ln,Valley Park,Saint Louis,MO
301,Kristeen,Turinetti,Jeanerette Middle School,70099 E North Ave,Arlington,Tarrant,TX
302,Jenelle,Regusters,Haavisto Brian F Esq,3211 E Northeast Loop,Tampa,Hillsborough,FL
303,Renea,Monterrubio,Wmmt Radio Station,26 Montgomery St,Atlanta,Fulton,GA
304,Olive,Matuszak,Colony Paints Sales Ofc & Plnt,13252 Lighthouse Ave,Cathedral City,Riverside,CA
305,Ligia,Reiber,Floral Expressions,206 Main St #2804,Lansing,Ingham,MI
306,Christiane,Eschberger,Casco Services Inc,96541 W Central Blvd,Phoenix,Maricopa,AZ
307,Goldie,Schirpke,Reuter Arthur C Jr,34 Saint George Ave #2,Bangor,Penobscot,ME
308,Loreta,Timenez,Kaminski Katherine Andritsaki,47857 Coney Island Ave,Clinton,Prince Georges,MD
309,Fabiola,Hauenstein,Sidewinder Products Corp,8573 Lincoln Blvd,York,York,PA
310,Amie,Perigo,General Foam Corporation,596 Santa Maria Ave #7913,Mesquite,Dallas,TX
311,Raina,Brachle,Ikg Borden Divsn Harsco Corp,3829 Ventura Blvd,Butte,Silver Bow,MT
312,Erinn,Canlas,Anchor Computer Inc,13 S Hacienda Dr,Livingston,Essex,NJ
313,Cherry,Lietz,Sebring & Co,40 9th Ave Sw #91,Waterford,Oakland,MI
314,Kattie,Vonasek,H A C Farm Lines Co Optv Assoc,2845 Boulder Crescent St,Cleveland,Cuyahoga,OH
315,Lilli,Scriven,Hunter John J Esq,33 State St,Abilene,Taylor,TX
316,Whitley,Tomasulo,Freehold Fence Co,2 S 15th St,Fort Worth,Tarrant,TX
317,Barbra,Adkin,Binswanger,4 Kohler Memorial Dr,Brooklyn,Kings,NY
318,Hermila,Thyberg,Chilton Malting Co,1 Rancho Del Mar Shopping C,Providence,Providence,RI
319,Jesusita,Flister,Schoen Edward J Jr,3943 N Highland Ave,Lancaster,Lancaster,PA
320,Caitlin,Julia,Helderman Seymour Cpa,5 Williams St,Johnston,Providence,RI
321,Roosevelt,Hoffis,Denbrook Myron,60 Old Dover Rd,Hialeah,Miami-Dade,FL
322,Helaine,Halter,Lippitt Mike,8 Sheridan Rd,Jersey City,Hudson,NJ
323,Lorean,Martabano,Hiram Hogg P Esq,85092 Southern Blvd,San Antonio,Bexar,TX
324,France,Buzick,In Travel Agency,64 Newman Springs Rd E,Brooklyn,Kings,NY
325,Justine,Ferrario,Newhart Foods Inc,48 Stratford Ave,Pomona,Los Angeles,CA
326,Adelina,Nabours,Courtyard By Marriott,80 Pittsford Victor Rd #9,Cleveland,Cuyahoga,OH
327,Derick,Dhamer,Studer Eugene A Esq,87163 N Main Ave,New York,New York,NY
328,Jerry,Dallen,Seashore Supply Co Waretown,393 Lafayette Ave,Richmond,Richmond City,VA
329,Leota,Ragel,Mayar Silk Inc,99 5th Ave #33,Trion,Chattooga,GA
330,Jutta,Amyot,National Medical Excess Corp,49 N Mays St,Broussard,Lafayette,LA
331,Aja,Gehrett,Stero Company,993 Washington Ave,Nutley,Essex,NJ
332,Kirk,Herritt,Hasting H Duane Esq,88 15th Ave Ne,Vestal,Broome,NY
333,Leonora,Mauson,Insty Prints,3381 E 40th Ave,Passaic,Passaic,NJ
334,Winfred,Brucato,Glenridge Manor Mobile Home Pk,201 Ridgewood Rd,Moscow,Latah,ID
335,Tarra,Nachor,Circuit Solution Inc,39 Moccasin Dr,San Francisco,San Francisco,CA
336,Corinne,Loder,Local Office,4 Carroll St,North Attleboro,Bristol,MA
337,Dulce,Labreche,Lee Kilkelly Paulson & Kabaker,9581 E Arapahoe Rd,Rochester,Oakland,MI
338,Kate,Keneipp,Davis Maxon R Esq,33 N Michigan Ave,Green Bay,Brown,WI
339,Kaitlyn,Ogg,Garrison Paul E Esq,2 S Biscayne Blvd,Baltimore,Baltimore City,MD
340,Sherita,Saras,Black History Resource Center,8 Us Highway 22,Colorado Springs,El Paso,CO
341,Lashawnda,Stuer,Rodriguez J Christopher Esq,7422 Martin Ave #8,Toledo,Lucas,OH
342,Ernest,Syrop,Grant Family Health Center,94 Chase Rd,Hyattsville,Prince Georges,MD
343,Nobuko,Halsey,Goeman Wood Products Inc,8139 I Hwy 10 #92,New Bedford,Bristol,MA
344,Lavonna,Wolny,Linhares Kenneth A Esq,5 Cabot Rd,Mc Lean,Fairfax,VA
345,Lashaunda,Lizama,Earnhardt Printing,3387 Ryan Dr,Hanover,Anne Arundel,MD
346,Mariann,Bilden,H P G Industrys Inc,3125 Packer Ave #9851,Austin,Travis,TX
347,Helene,Rodenberger,Bailey Transportation Prod Inc,347 Chestnut St,Peoria,Maricopa,AZ
348,Roselle,Estell,Mcglynn Bliss Pc,8116 Mount Vernon Ave,Bucyrus,Crawford,OH
349,Samira,Heintzman,Mutual Fish Co,8772 Old County Rd #5410,Kent,King,WA
350,Margart,Meisel,Yeates Arthur L Aia,868 State St #38,Cincinnati,Hamilton,OH
351,Kristofer,Bennick,Logan Ronald J Esq,772 W River Dr,Bloomington,Monroe,IN
352,Weldon,Acuff,Advantage Martgage Company,73 W Barstow Ave,Arlington Heights,Cook,IL
353,Shalon,Shadrick,Germer And Gertz Llp,61047 Mayfield Ave,Brooklyn,Kings,NY
354,Denise,Patak,Spence Law Offices,2139 Santa Rosa Ave,Orlando,Orange,FL
355,Louvenia,Beech,John Ortiz Nts Therapy Center,598 43rd St,Beverly Hills,Los Angeles,CA
356,Audry,Yaw,Mike Uchrin Htg & Air Cond Inc,70295 Pioneer Ct,Brandon,Hillsborough,FL
357,Kristel,Ehmann,Mccoy Joy Reynolds Esq,92899 Kalakaua Ave,El Paso,El Paso,TX
358,Vincenza,Zepp,Kbor 1600 Am,395 S 6th St #2,El Cajon,San Diego,CA
359,Elouise,Gwalthney,Quality Inn Northwest,9506 Edgemore Ave,Bladensburg,Prince Georges,MD
360,Venita,Maillard,Wallace Church Assoc Inc,72119 S Walker Ave #63,Anaheim,Orange,CA
361,Kasandra,Semidey,Can Tron,369 Latham St #500,Saint Louis,Saint Louis City,MO
362,Xochitl,Discipio,Ravaal Enterprises Inc,3158 Runamuck Pl,Round Rock,Williamson,TX
363,Maile,Linahan,Thompson Steel Company Inc,9 Plainsboro Rd #598,Greensboro,Guilford,NC
364,Krissy,Rauser,Anderson Mark A Esq,8728 S Broad St,Coram,Suffolk,NY
365,Pete,Dubaldi,Womack & Galich,2215 Prosperity Dr,Lyndhurst,Bergen,NJ
366,Linn,Paa,Valerie & Company,1 S Pine St,Memphis,Shelby,TN
367,Paris,Wide,Gehring Pumps Inc,187 Market St,Atlanta,Fulton,GA
368,Wynell,Dorshorst,"Haehnel, Craig W Esq",94290 S Buchanan St,Pacifica,San Mateo,CA
369,Quentin,Birkner,Spoor Behrins Campbell & Young,7061 N 2nd St,Burnsville,Dakota,MN
370,Regenia,Kannady,Ken Jeter Store Equipment Inc,10759 Main St,Scottsdale,Maricopa,AZ
371,Sheron,Louissant,Potter Brenda J Cpa,97 E 3rd St #9,Long Island City,Queens,NY
372,Izetta,Funnell,Baird Kurtz & Dobson,82 Winsor St #54,Atlanta,Dekalb,GA
373,Rodolfo,Butzen,Minor Cynthia A Esq,41 Steel Ct,Northfield,Rice,MN
374,Zona,Colla,Solove Robert A Esq,49440 Dearborn St,Norwalk,Fairfield,CT
375,Serina,Zagen,Mark Ii Imports Inc,7 S Beverly Dr,Fort Wayne,Allen,IN
376,Paz,Sahagun,White Sign Div Ctrl Equip Co,919 Wall Blvd,Meridian,Lauderdale,MS
377,Markus,Lukasik,M & M Store Fixtures Co Inc,89 20th St E #779,Sterling Heights,Macomb,MI
378,Jaclyn,Bachman,Judah Caster & Wheel Co,721 Interstate 45 S,Colorado Springs,El Paso,CO
379,Cyril,Daufeldt,Galaxy International Inc,3 Lawton St,New York,New York,NY
380,Gayla,Schnitzler,Sigma Corp Of America,38 Pleasant Hill Rd,Hayward,Alameda,CA
381,Erick,Nievas,Soward Anne Esq,45 E Acacia Ct,Chicago,Cook,IL
382,Jennie,Drymon,Osborne Michelle M Esq,63728 Poway Rd #1,Scranton,Lackawanna,PA
383,Mitsue,Scipione,Students In Free Entrprs Natl,77 222 Dr,Oroville,Butte,CA
384,Ciara,Ventura,Johnson Robert M Esq,53 W Carey St,Port Jervis,Orange,NY
385,Galen,Cantres,Del Charro Apartments,617 Nw 36th Ave,Brook Park,Cuyahoga,OH
386,Truman,Feichtner,Legal Search Inc,539 Coldwater Canyon Ave,Bloomfield,Essex,NJ
387,Gail,Kitty,Service Supply Co Inc,735 Crawford Dr,Anchorage,Anchorage,AK
388,Dalene,Schoeneck,Sameshima Douglas J Esq,910 Rahway Ave,Philadelphia,Philadelphia,PA
389,Gertude,Witten,Thompson John Randolph Jr,7 Tarrytown Rd,Cincinnati,Hamilton,OH
390,Lizbeth,Kohl,E T Balancing Co Inc,35433 Blake St #588,Gardena,Los Angeles,CA
391,Glenn,Berray,Griswold John E Esq,29 Cherry St #7073,Des Moines,Polk,IA
392,Lashandra,Klang,Acqua Group,810 N La Brea Ave,King of Prussia,Montgomery,PA
393,Lenna,Newville,Brooks Morris J Jr,987 Main St,Raleigh,Wake,NC
394,Laurel,Pagliuca,Printing Images Corp,36 Enterprise St Se,Richland,Benton,WA
395,Mireya,Frerking,Roberts Supply Co Inc,8429 Miller Rd,Pelham,Westchester,NY
396,Annelle,Tagala,Vico Products Mfg Co,5 W 7th St,Parkville,Baltimore,MD
397,Dean,Ketelsen,J M Custom Design Millwork,2 Flynn Rd,Hicksville,Nassau,NY
398,Levi,Munis,Farrell & Johnson Office Equip,2094 Ne 36th Ave,Worcester,Worcester,MA
399,Sylvie,Ryser,Millers Market & Deli,649 Tulane Ave,Tulsa,Tulsa,OK
400,Sharee,Maile,Holiday Inn Naperville,2094 Montour Blvd,Muskegon,Muskegon,MI
401,Cordelia,Storment,Burrows Jon H Esq,393 Hammond Dr,Lafayette,Lafayette,LA
402,Mollie,Mcdoniel,Dock Seal Specialty,8590 Lake Lizzie Dr,Bowling Green,Wood,OH
403,Brett,Mccullan,Five Star Limousines Of Tx Inc,87895 Concord Rd,La Mesa,San Diego,CA
404,Teddy,Pedrozo,Barkan Neal J Esq,46314 Route 130,Bridgeport,Fairfield,CT
405,Tasia,Andreason,Campbell Robert A,4 Cowesett Ave,Kearny,Hudson,NJ
406,Hubert,Walthall,Dee Deanna,95 Main Ave #2,Barberton,Summit,OH
407,Arthur,Farrow,Young Timothy L Esq,28 S 7th St #2824,Englewood,Bergen,NJ
408,Vilma,Berlanga,Wells D Fred Esq,79 S Howell Ave,Grand Rapids,Kent,MI
409,Billye,Miro,Gray Francine H Esq,36 Lancaster Dr Se,Pearl,Rankin,MS
410,Glenna,Slayton,Toledo Iv Care,2759 Livingston Ave,Memphis,Shelby,TN
411,Mitzie,Hudnall,Cangro Transmission Co,17 Jersey Ave,Englewood,Arapahoe,CO
412,Bernardine,Rodefer,Sat Poly Inc,2 W Grand Ave,Memphis,Shelby,TN
413,Staci,Schmaltz,Midwest Contracting & Mfg Inc,18 Coronado Ave #563,Pasadena,Los Angeles,CA
414,Nichelle,Meteer,Print Doctor,72 Beechwood Ter,Chicago,Cook,IL
415,Janine,Rhoden,Nordic Group Inc,92 Broadway,Astoria,Queens,NY
416,Ettie,Hoopengardner,Jackson Millwork Co,39 Franklin Ave,Richland,Benton,WA
417,Eden,Jayson,Harris Corporation,4 Iwaena St,Baltimore,Baltimore City,MD
418,Lynelle,Auber,United Cerebral Palsy Of Ne Pa,32820 Corkwood Rd,Newark,Essex,NJ
419,Merissa,Tomblin,One Day Surgery Center Inc,34 Raritan Center Pky,Bellflower,Los Angeles,CA
420,Golda,Kaniecki,Calaveras Prospect,6201 S Nevada Ave,Toms River,Ocean,NJ
421,Catarina,Gleich,Terk Robert E Esq,78 Maryland Dr #146,Denville,Morris,NJ
422,Virgie,Kiel,Cullen Terrence P Esq,76598 Rd  I 95 #1,Denver,Denver,CO
423,Jolene,Ostolaza,Central Die Casting Mfg Co Inc,1610 14th St Nw,Newport News,Newport News City,VA
424,Keneth,Borgman,Centerline Engineering,86350 Roszel Rd,Phoenix,Maricopa,AZ
425,Rikki,Nayar,Targan & Kievit Pa,1644 Clove Rd,Miami,Miami-Dade,FL
426,Elke,Sengbusch,Riley Riper Hollin & Colagreco,9 W Central Ave,Phoenix,Maricopa,AZ
427,Hoa,Sarao,Kaplan Joel S Esq,27846 Lafayette Ave,Oak Hill,Volusia,FL
428,Trinidad,Mcrae,Water Office,10276 Brooks St,San Francisco,San Francisco,CA
429,Mari,Lueckenbach,"Westbrooks, Nelson E Jr",1 Century Park E,San Diego,San Diego,CA
430,Selma,Husser,Armon Communications,9 State Highway 57 #22,Jersey City,Hudson,NJ
431,Antione,Onofrio,Jacobs & Gerber Inc,4 S Washington Ave,San Bernardino,San Bernardino,CA
432,Luisa,Jurney,Forest Fire Laboratory,25 Se 176th Pl,Cambridge,Middlesex,MA
433,Clorinda,Heimann,Haughey Charles Jr,105 Richmond Valley Rd,Escondido,San Diego,CA
434,Dick,Wenzinger,Wheaton Plastic Products,22 Spruce St #595,Gardena,Los Angeles,CA
435,Ahmed,Angalich,Reese Plastics,2 W Beverly Blvd,Harrisburg,Dauphin,PA
436,Iluminada,Ohms,Nazette Marner Good Wendt,72 Southern Blvd,Mesa,Maricopa,AZ
437,Joanna,Leinenbach,Levinson Axelrod Wheaton,1 Washington St,Lake Worth,Palm Beach,FL
438,Caprice,Suell,Egnor W Dan Esq,90177 N 55th Ave,Nashville,Davidson,TN
439,Stephane,Myricks,Portland Central Thriftlodge,9 Tower Ave,Burlington,Boone,KY
440,Quentin,Swayze,Ulbrich Trucking,278 Bayview Ave,Milan,Monroe,MI
441,Annmarie,Castros,Tipiak Inc,80312 W 32nd St,Conroe,Montgomery,TX
442,Shonda,Greenbush,Saint George Well Drilling,82 Us Highway 46,Clifton,Passaic,NJ
443,Cecil,Lapage,Hawkes Douglas D,4 Stovall St #72,Union City,Hudson,NJ
444,Jeanice,Claucherty,Accurel Systems Intrntl Corp,19 Amboy Ave,Miami,Miami-Dade,FL
445,Josphine,Villanueva,Santa Cruz Community Internet,63 Smith Ln #8343,Moss,Clay,TN
446,Daniel,Perruzza,Gersh & Danielson,11360 S Halsted St,Santa Ana,Orange,CA
447,Cassi,Wildfong,Cobb James O Esq,26849 Jefferson Hwy,Rolling Meadows,Cook,IL
448,Britt,Galam,Wheatley Trucking Company,2500 Pringle Rd Se #508,Hatfield,Montgomery,PA
449,Adell,Lipkin,Systems Graph Inc Ab Dick Dlr,65 Mountain View Dr,Whippany,Morris,NJ
450,Jacqueline,Rowling,John Hancock Mutl Life Ins Co,1 N San Saba,Erie,Erie,PA
451,Lonny,Weglarz,History Division Of State,51120 State Route 18,Salt Lake City,Salt Lake,UT
452,Lonna,Diestel,Dimmock Thomas J Esq,1482 College Ave,Fayetteville,Cumberland,NC
453,Cristal,Samara,Intermed Inc,4119 Metropolitan Dr,Los Angeles,Los Angeles,CA
454,Kenneth,Grenet,Bank Of New York,2167 Sierra Rd,East Lansing,Ingham,MI
455,Elli,Mclaird,Sportmaster Intrnatl,6 Sunrise Ave,Utica,Oneida,NY
456,Alline,Jeanty,W W John Holden Inc,55713 Lake City Hwy,South Bend,St Joseph,IN
457,Sharika,Eanes,Maccani & Delp,75698 N Fiesta Blvd,Orlando,Orange,FL
458,Nu,Mcnease,Amazonia Film Project,88 Sw 28th Ter,Harrison,Hudson,NJ
459,Daniela,Comnick,Water & Sewer Department,7 Flowers Rd #403,Trenton,Mercer,NJ
460,Cecilia,Colaizzo,Switchcraft Inc,4 Nw 12th St #3849,Madison,Dane,WI
461,Leslie,Threets,C W D C Metal Fabricators,2 A Kelley Dr,Katonah,Westchester,NY
462,Nan,Koppinger,Shimotani Grace T,88827 Frankford Ave,Greensboro,Guilford,NC
463,Izetta,Dewar,Lisatoni Jean Esq,2 W Scyene Rd #3,Baltimore,Baltimore City,MD
464,Tegan,Arceo,Ceramic Tile Sales Inc,62260 Park Stre,Monroe Township,Middlesex,NJ
465,Ruthann,Keener,Maiden Craft Inc,3424 29th St Se,Kerrville,Kerr,TX
466,Joni,Breland,Carriage House Cllsn Rpr Inc,35 E Main St #43,Elk Grove Village,Cook,IL
467,Vi,Rentfro,Video Workshop,7163 W Clark Rd,Freehold,Monmouth,NJ
468,Colette,Kardas,Fresno Tile Center Inc,21575 S Apple Creek Rd,Omaha,Douglas,NE
469,Malcolm,Tromblay,Versatile Sash & Woodwork,747 Leonis Blvd,Annandale,Fairfax,VA
470,Ryan,Harnos,Warner Electric Brk & Cltch Co,13 Gunnison St,Plano,Collin,TX
471,Jess,Chaffins,New York Public Library,18 3rd Ave,New York,New York,NY
472,Sharen,Bourbon,Mccaleb John A Esq,62 W Austin St,Syosset,Nassau,NY
473,Nickolas,Juvera,United Oil Co Inc,177 S Rider Trl #52,Crystal River,Citrus,FL
474,Gary,Nunlee,Irving Foot Center,2 W Mount Royal Ave,Fortville,Hancock,IN
475,Diane,Devreese,Acme Supply Co,1953 Telegraph Rd,Saint Joseph,Buchanan,MO
476,Roslyn,Chavous,Mcrae James L,63517 Dupont St,Jackson,Hinds,MS
477,Glory,Schieler,Mcgraths Seafood,5 E Truman Rd,Abilene,Taylor,TX
478,Rasheeda,Sayaphon,"Kummerer, J Michael Esq",251 Park Ave #979,Saratoga,Santa Clara,CA
479,Alpha,Palaia,Stoffer James M Jr,43496 Commercial Dr #29,Cherry Hill,Camden,NJ
480,Refugia,Jacobos,North Central Fl Sfty Cncl,2184 Worth St,Hayward,Alameda,CA
481,Shawnda,Yori,Fiorucci Foods Usa Inc,50126 N Plankinton Ave,Longwood,Seminole,FL
482,Mona,Delasancha,Sign All,38773 Gravois Ave,Cheyenne,Laramie,WY
483,Gilma,Liukko,Sammys Steak Den,16452 Greenwich St,Garden City,Nassau,NY
484,Janey,Gabisi,Dobscha Stephen F Esq,40 Cambridge Ave,Madison,Dane,WI
485,Lili,Paskin,Morgan Custom Homes,20113 4th Ave E,Kearny,Hudson,NJ
486,Loren,Asar,Olsen Payne & Company,6 Ridgewood Center Dr,Old Forge,Lackawanna,PA
487,Dorothy,Chesterfield,Cowan & Kelly,469 Outwater Ln,San Diego,San Diego,CA
488,Gail,Similton,Johnson Wes Esq,62 Monroe St,Thousand Palms,Riverside,CA
489,Catalina,Tillotson,Icn Pharmaceuticals Inc,3338 A Lockport Pl #6,Margate City,Atlantic,NJ
490,Lawrence,Lorens,New England Sec Equip Co Inc,9 Hwy,Providence,Providence,RI
491,Carlee,Boulter,Tippett Troy M Ii,8284 Hart St,Abilene,Dickinson,KS
492,Thaddeus,Ankeny,Atc Contracting,5 Washington St #1,Roseville,Placer,CA
493,Jovita,Oles,Pagano Philip G Esq,8 S Haven St,Daytona Beach,Volusia,FL
494,Alesia,Hixenbaugh,Kwikprint,9 Front St,Washington,District of Columbia,DC
495,Lai,Harabedian,Buergi & Madden Scale,1933 Packer Ave #2,Novato,Marin,CA
496,Brittni,Gillaspie,Inner Label,67 Rv Cent,Boise,Ada,ID
497,Raylene,Kampa,Hermar Inc,2 Sw Nyberg Rd,Elkhart,Elkhart,IN
498,Flo,Bookamer,Simonton Howe & Schneider Pc,89992 E 15th St,Alliance,Box Butte,NE
499,Jani,Biddy,Warehouse Office & Paper Prod,61556 W 20th Ave,Seattle,King,WA
500,Chauncey,Motley,Affiliated With Travelodge,63 E Aurora Dr,Orlando,Orange,FL
